Phi,G_Total,Eth,Eph
0,-156.5355977,-313.0711955,-313.0711955
1,-156.5355977,-313.0711955,-313.0711955
2,-156.5355977,-313.0711955,-313.0711955
3,-156.5355977,-313.0711955,-313.0711955
4,-156.5355977,-313.0711955,-313.0711955
5,-156.5355977,-313.0711955,-313.0711955
6,-156.5355977,-313.0711955,-313.0711955
7,-156.5355977,-313.0711955,-313.0711955
8,-156.5355977,-313.0711955,-313.0711955
9,-156.5355977,-313.0711955,-313.0711955
10,-156.5355977,-313.0711955,-313.0711955
11,-156.5355977,-313.0711955,-313.0711955
12,-156.5355977,-313.0711955,-313.0711955
13,-156.5355977,-313.0711955,-313.0711955
14,-156.5355977,-313.0711955,-313.0711955
15,-156.5355977,-313.0711955,-313.0711955
16,-156.5355977,-313.0711955,-313.0711955
17,-156.5355977,-313.0711955,-313.0711955
18,-156.5355977,-313.0711955,-313.0711955
19,-156.5355977,-313.0711955,-313.0711955
20,-156.5355977,-313.0711955,-313.0711955
21,-156.5355977,-313.0711955,-313.0711955
22,-156.5355977,-313.0711955,-313.0711955
23,-156.5355977,-313.0711955,-313.0711955
24,-156.5355977,-313.0711955,-313.0711955
25,-156.5355977,-313.0711955,-313.0711955
26,-156.5355977,-313.0711955,-313.0711955
27,-156.5355977,-313.0711955,-313.0711955
28,-156.5355977,-313.0711955,-313.0711955
29,-156.5355977,-313.0711955,-313.0711955
30,-156.5355977,-313.0711955,-313.0711955
31,-156.5355977,-313.0711955,-313.0711955
32,-156.5355977,-313.0711955,-313.0711955
33,-156.5355977,-313.0711955,-313.0711955
34,-156.5355977,-313.0711955,-313.0711955
35,-156.5355977,-313.0711955,-313.0711955
36,-156.5355977,-313.0711955,-313.0711955
37,-156.5355977,-313.0711955,-313.0711955
38,-156.5355977,-313.0711955,-313.0711955
39,-156.5355977,-313.0711955,-313.0711955
40,-156.5355977,-313.0711955,-313.0711955
41,-156.5355977,-313.0711955,-313.0711955
42,-156.5355977,-313.0711955,-313.0711955
43,-156.5355977,-313.0711955,-313.0711955
44,-156.5355977,-313.0711955,-313.0711955
45,-156.5355977,-313.0711955,-313.0711955
46,-156.5355977,-313.0711955,-313.0711955
47,-156.5355977,-313.0711955,-313.0711955
48,-156.5355977,-313.0711955,-313.0711955
49,-156.5355977,-313.0711955,-313.0711955
50,-156.5355977,-313.0711955,-313.0711955
51,-156.5355977,-313.0711955,-313.0711955
52,-156.5355977,-313.0711955,-313.0711955
53,-156.5355977,-313.0711955,-313.0711955
54,-156.5355977,-313.0711955,-313.0711955
55,-156.5355977,-313.0711955,-313.0711955
56,-156.5355977,-313.0711955,-313.0711955
57,-156.5355977,-313.0711955,-313.0711955
58,-156.5355977,-313.0711955,-313.0711955
59,-156.5355977,-313.0711955,-313.0711955
60,-156.5355977,-313.0711955,-313.0711955
61,-156.5355977,-313.0711955,-313.0711955
62,-156.5355977,-313.0711955,-313.0711955
63,-156.5355977,-313.0711955,-313.0711955
64,-156.5355977,-313.0711955,-313.0711955
65,-156.5355977,-313.0711955,-313.0711955
66,-156.5355977,-313.0711955,-313.0711955
67,-156.5355977,-313.0711955,-313.0711955
68,-156.5355977,-313.0711955,-313.0711955
69,-156.5355977,-313.0711955,-313.0711955
70,-156.5355977,-313.0711955,-313.0711955
71,-156.5355977,-313.0711955,-313.0711955
72,-156.5355977,-313.0711955,-313.0711955
73,-156.5355977,-313.0711955,-313.0711955
74,-156.5355977,-313.0711955,-313.0711955
75,-156.5355977,-313.0711955,-313.0711955
76,-156.5355977,-313.0711955,-313.0711955
77,-156.5355977,-313.0711955,-313.0711955
78,-156.5355977,-313.0711955,-313.0711955
79,-156.5355977,-313.0711955,-313.0711955
80,-156.5355977,-313.0711955,-313.0711955
81,-156.5355977,-313.0711955,-313.0711955
82,-156.5355977,-313.0711955,-313.0711955
83,-156.5355977,-313.0711955,-313.0711955
84,-156.5355977,-313.0711955,-313.0711955
85,-156.5355977,-313.0711955,-313.0711955
86,-156.5355977,-313.0711955,-313.0711955
87,-156.5355977,-313.0711955,-313.0711955
88,-156.5355977,-313.0711955,-313.0711955
89,-156.5355977,-313.0711955,-313.0711955
90,-156.5355977,-313.0711955,-313.0711955
91,-156.5355977,-313.0711955,-313.0711955
92,-156.5355977,-313.0711955,-313.0711955
93,-156.5355977,-313.0711955,-313.0711955
94,-156.5355977,-313.0711955,-313.0711955
95,-156.5355977,-313.0711955,-313.0711955
96,-156.5355977,-313.0711955,-313.0711955
97,-156.5355977,-313.0711955,-313.0711955
98,-156.5355977,-313.0711955,-313.0711955
99,-156.5355977,-313.0711955,-313.0711955
100,-156.5355977,-313.0711955,-313.0711955
101,-156.5355977,-313.0711955,-313.0711955
102,-156.5355977,-313.0711955,-313.0711955
103,-156.5355977,-313.0711955,-313.0711955
104,-156.5355977,-313.0711955,-313.0711955
105,-156.5355977,-313.0711955,-313.0711955
106,-156.5355977,-313.0711955,-313.0711955
107,-156.5355977,-313.0711955,-313.0711955
108,-156.5355977,-313.0711955,-313.0711955
109,-156.5355977,-313.0711955,-313.0711955
110,-156.5355977,-313.0711955,-313.0711955
111,-156.5355977,-313.0711955,-313.0711955
112,-156.5355977,-313.0711955,-313.0711955
113,-156.5355977,-313.0711955,-313.0711955
114,-156.5355977,-313.0711955,-313.0711955
115,-156.5355977,-313.0711955,-313.0711955
116,-156.5355977,-313.0711955,-313.0711955
117,-156.5355977,-313.0711955,-313.0711955
118,-156.5355977,-313.0711955,-313.0711955
119,-156.5355977,-313.0711955,-313.0711955
120,-156.5355977,-313.0711955,-313.0711955
121,-156.5355977,-313.0711955,-313.0711955
122,-156.5355977,-313.0711955,-313.0711955
123,-156.5355977,-313.0711955,-313.0711955
124,-156.5355977,-313.0711955,-313.0711955
125,-156.5355977,-313.0711955,-313.0711955
126,-156.5355977,-313.0711955,-313.0711955
127,-156.5355977,-313.0711955,-313.0711955
128,-156.5355977,-313.0711955,-313.0711955
129,-156.5355977,-313.0711955,-313.0711955
130,-156.5355977,-313.0711955,-313.0711955
131,-156.5355977,-313.0711955,-313.0711955
132,-156.5355977,-313.0711955,-313.0711955
133,-156.5355977,-313.0711955,-313.0711955
134,-156.5355977,-313.0711955,-313.0711955
135,-156.5355977,-313.0711955,-313.0711955
136,-156.5355977,-313.0711955,-313.0711955
137,-156.5355977,-313.0711955,-313.0711955
138,-156.5355977,-313.0711955,-313.0711955
139,-156.5355977,-313.0711955,-313.0711955
140,-156.5355977,-313.0711955,-313.0711955
141,-156.5355977,-313.0711955,-313.0711955
142,-156.5355977,-313.0711955,-313.0711955
143,-156.5355977,-313.0711955,-313.0711955
144,-156.5355977,-313.0711955,-313.0711955
145,-156.5355977,-313.0711955,-313.0711955
146,-156.5355977,-313.0711955,-313.0711955
147,-156.5355977,-313.0711955,-313.0711955
148,-156.5355977,-313.0711955,-313.0711955
149,-156.5355977,-313.0711955,-313.0711955
150,-156.5355977,-313.0711955,-313.0711955
151,-156.5355977,-313.0711955,-313.0711955
152,-156.5355977,-313.0711955,-313.0711955
153,-156.5355977,-313.0711955,-313.0711955
154,-156.5355977,-313.0711955,-313.0711955
155,-156.5355977,-313.0711955,-313.0711955
156,-156.5355977,-313.0711955,-313.0711955
157,-156.5355977,-313.0711955,-313.0711955
158,-156.5355977,-313.0711955,-313.0711955
159,-156.5355977,-313.0711955,-313.0711955
160,-156.5355977,-313.0711955,-313.0711955
161,-156.5355977,-313.0711955,-313.0711955
162,-156.5355977,-313.0711955,-313.0711955
163,-156.5355977,-313.0711955,-313.0711955
164,-156.5355977,-313.0711955,-313.0711955
165,-156.5355977,-313.0711955,-313.0711955
166,-156.5355977,-313.0711955,-313.0711955
167,-156.5355977,-313.0711955,-313.0711955
168,-156.5355977,-313.0711955,-313.0711955
169,-156.5355977,-313.0711955,-313.0711955
170,-156.5355977,-313.0711955,-313.0711955
171,-156.5355977,-313.0711955,-313.0711955
172,-156.5355977,-313.0711955,-313.0711955
173,-156.5355977,-313.0711955,-313.0711955
174,-156.5355977,-313.0711955,-313.0711955
175,-156.5355977,-313.0711955,-313.0711955
176,-156.5355977,-313.0711955,-313.0711955
177,-156.5355977,-313.0711955,-313.0711955
178,-156.5355977,-313.0711955,-313.0711955
179,-156.5355977,-313.0711955,-313.0711955
180,-156.5355977,-313.0711955,-313.0711955
181,-156.5355977,-313.0711955,-313.0711955
182,-156.5355977,-313.0711955,-313.0711955
183,-156.5355977,-313.0711955,-313.0711955
184,-156.5355977,-313.0711955,-313.0711955
185,-156.5355977,-313.0711955,-313.0711955
186,-156.5355977,-313.0711955,-313.0711955
187,-156.5355977,-313.0711955,-313.0711955
188,-156.5355977,-313.0711955,-313.0711955
189,-156.5355977,-313.0711955,-313.0711955
190,-156.5355977,-313.0711955,-313.0711955
191,-156.5355977,-313.0711955,-313.0711955
192,-156.5355977,-313.0711955,-313.0711955
193,-156.5355977,-313.0711955,-313.0711955
194,-156.5355977,-313.0711955,-313.0711955
195,-156.5355977,-313.0711955,-313.0711955
196,-156.5355977,-313.0711955,-313.0711955
197,-156.5355977,-313.0711955,-313.0711955
198,-156.5355977,-313.0711955,-313.0711955
199,-156.5355977,-313.0711955,-313.0711955
200,-156.5355977,-313.0711955,-313.0711955
201,-156.5355977,-313.0711955,-313.0711955
202,-156.5355977,-313.0711955,-313.0711955
203,-156.5355977,-313.0711955,-313.0711955
204,-156.5355977,-313.0711955,-313.0711955
205,-156.5355977,-313.0711955,-313.0711955
206,-156.5355977,-313.0711955,-313.0711955
207,-156.5355977,-313.0711955,-313.0711955
208,-156.5355977,-313.0711955,-313.0711955
209,-156.5355977,-313.0711955,-313.0711955
210,-156.5355977,-313.0711955,-313.0711955
211,-156.5355977,-313.0711955,-313.0711955
212,-156.5355977,-313.0711955,-313.0711955
213,-156.5355977,-313.0711955,-313.0711955
214,-156.5355977,-313.0711955,-313.0711955
215,-156.5355977,-313.0711955,-313.0711955
216,-156.5355977,-313.0711955,-313.0711955
217,-156.5355977,-313.0711955,-313.0711955
218,-156.5355977,-313.0711955,-313.0711955
219,-156.5355977,-313.0711955,-313.0711955
220,-156.5355977,-313.0711955,-313.0711955
221,-156.5355977,-313.0711955,-313.0711955
222,-156.5355977,-313.0711955,-313.0711955
223,-156.5355977,-313.0711955,-313.0711955
224,2.31603032,-313.0711955,2.31603032
225,2.469974354,-313.0711955,2.469974354
226,2.618989026,-313.0711955,2.618989026
227,2.763014857,-313.0711955,2.763014857
228,2.902002483,-313.0711955,2.902002483
229,3.03597056,-313.0711955,3.03597056
230,3.16501845,-313.0711955,3.16501845
231,3.289971756,-313.0711955,3.289971756
232,3.410992521,-313.0711955,3.410992521
233,3.52701835,-313.0711955,3.52701835
234,3.638994515,-313.0711955,3.638994515
235,3.747989021,-313.0711955,3.747989021
236,3.851982832,-313.0711955,3.851982832
237,3.951983945,-313.0711955,3.951983945
238,4.049008667,-313.0711955,4.049008667
239,4.142026594,-313.0711955,4.142026594
240,4.231026122,-313.0711955,4.231026122
241,4.316982451,-313.0711955,4.316982451
242,4.398980784,-313.0711955,4.398980784
243,4.477986096,-313.0711955,4.477986096
244,4.365021192,-16.71469327,4.331018611
245,4.853923888,-17.74968875,4.830011766
246,5.135316247,-18.62188117,5.116993932
247,5.392089091,-18.92800101,5.375998218
248,5.621527428,-20.1473473,5.610006891
249,5.755383369,-21.39189522,5.746998899
250,5.921863679,-22.08646723,5.914988327
251,5.97419692,-23.25588242,5.969008492
252,5.99724878,-22.41705206,5.99098744
253,5.993098351,-25.49247879,5.990012458
254,5.918642479,-26.24459835,5.91600255
255,6.520712169,-27.5664342,6.519017229
256,5.784516679,-28.81579578,5.783010667
257,5.645813256,-31.51847723,5.644978812
258,5.314140441,-39.44133744,5.313995149
259,5.434994945,-51.10855232,5.43498532
260,5.386047991,-45.14710244,5.386009578
261,5.372122079,-40.85667423,5.372018586
262,5.408049259,-46.00696711,5.408017905
263,5.426017282,-49.03444516,5.426001732
264,5.429088096,-42.36978786,5.429016002
265,5.438002459,-48.89060302,5.437986429
266,5.453012018,-53.67340287,5.453006707
267,5.465981073,-62.6744542,5.465980406
268,5.490095677,-40.88513198,5.489995616
269,5.486041088,-45.57631563,5.486007082
270,5.472026406,-45.14413424,5.471988721
271,5.484029464,-52.83320686,5.484023066
272,5.485008333,-53.18532626,5.485002434
273,5.462041075,-44.75768798,5.461999788
274,5.447046569,-45.67158933,5.447013001
275,5.445986647,-54.12277813,5.445981851
276,5.433022899,-44.94239724,5.432983066
277,5.422050448,-44.91086655,5.422010223
278,5.39202023,-46.58460624,5.39199268
279,5.368038135,-45.53125904,5.368002828
280,5.353016572,-51.40471434,5.353007409
281,5.319058461,-42.88877218,5.318992846
282,5.299018688,-50.19882954,5.299006442
283,5.250043217,-43.79897273,5.249989156
284,5.219979767,-56.29949763,5.219976706
285,5.156065785,-42.93458872,5.155998375
286,5.136020092,-44.87228914,5.135976745
287,5.091045476,-47.39830787,5.091020994
288,5.049093217,-42.7190931,5.049020611
289,5.003002336,-48.84985596,5.002984451
290,4.950091072,-41.13235812,4.949984033
291,4.886006671,-47.19294182,4.885979763
292,4.836117922,-41.28116632,4.836011737
293,4.790073786,-43.05478159,4.790002451
294,4.712082293,-41.93881782,4.711988385
295,4.638057896,-44.39861335,4.638003681
296,4.610067802,-42.15835779,4.609976402
297,3.742575637,-27.13021747,3.739021922
298,4.863621451,-29.45507676,4.862014529
299,5.588779807,-31.85686799,5.587997714
300,6.179683286,-31.8226478,6.17899529
301,6.544237845,-36.27621071,6.544010988
302,6.447521808,-32.8805972,6.44701482
303,6.363248715,-29.04800999,6.361999259
304,5.594656694,-32.60343811,5.593999025
305,4.486176186,-31.19479255,4.485001975
306,3.237142962,-41.21794274,3.236987263
307,4.021386328,-36.78971476,4.021026005
308,3.786534171,-35.16425682,3.785981161
309,3.260030175,-49.20326832,3.260005545
310,3.263539967,-35.81491557,3.263002977
311,3.033405852,-37.51660559,3.033023202
312,2.790418217,-37.41082216,2.790003568
313,2.731180552,-41.31552479,2.731009502
314,2.646232816,-39.5757374,2.645972441
315,2.499338228,-38.5071775,2.498993759
316,4.653571136,-12.54415689,4.569975309
317,6.122856592,-12.65917861,6.064984232
318,6.131437729,-16.03895948,6.105009667
319,6.317016839,-16.26882996,6.293006427
320,6.00244912,-16.50818893,5.978018107
321,5.302535895,-16.09999431,5.270977985
322,4.037603077,-16.60808281,4.000011204
323,2.186013895,-16.97104375,2.132958616
324,-0.470000514,-17.59734579,-0.5549756
325,-4.168106154,-17.99317859,-4.351944697
326,-8.425598587,-18.25205841,-8.90289086
327,-8.073986198,-18.38719605,-8.498114415
328,-4.353031241,-18.96086656,-4.506008613
329,-1.626725697,-19.63228218,-1.696018592
330,0.262902877,-20.01537162,0.221976663
331,1.50108121,-20.25731447,1.472014406
332,2.696869812,-20.703959,2.676977022
333,3.22093035,-20.16541993,3.200970978
334,-2.110136815,-35.80195868,-2.111993315
335,-1.872909117,-51.73245119,-1.872953974
336,-2.214873578,-47.45592118,-2.215003501
337,-2.714975731,-55.6123621,-2.714998017
338,-3.108988643,-56.83568331,-3.109007056
339,-3.396039754,-70.46723663,-3.396040607
340,-3.850973463,-57.86854275,-3.850990682
341,-4.282959222,-60.25718641,-4.282970196
342,-4.70904915,-59.33674075,-4.709064112
343,-5.210012591,-56.44184645,-5.210045295
344,-5.714040326,-63.7161107,-5.714047206
345,-6.259935977,-313.0711955,-6.259935977
346,-6.846012226,-313.0711955,-6.846012226
347,-7.478009893,-313.0711955,-7.478009893
348,-8.161989502,-313.0711955,-8.161989502
349,-8.907896462,-313.0711955,-8.907896462
350,-9.72594139,-313.0711955,-9.72594139
351,-10.63308534,-313.0711955,-10.63308534
352,-11.64910042,-313.0711955,-11.64910042
353,-12.80217701,-313.0711955,-12.80217701
354,-14.13491032,-313.0711955,-14.13491032
355,-15.71415884,-313.0711955,-15.71415884
356,-17.64768687,-313.0711955,-17.64768687
357,-20.14362596,-313.0711955,-20.14362596
358,-23.66306931,-313.0711955,-23.66306931
359,-29.68239234,-313.0711955,-29.68239234
360,-156.5355977,-313.0711955,-313.0711955
