Theta,Tot,Copol,Xpol
0,5.471037196,5.470290293,-32.1745371
2,5.471025105,5.470285214,-32.21550853
4,5.466147445,5.465367266,-31.99014113
6,5.461241557,5.460417666,-31.75831455
8,5.451458582,5.450538738,-31.28970126
10,5.446814068,5.445735615,-30.60355519
12,5.432226581,5.430955727,-29.90529536
14,5.417733464,5.416244002,-29.23056039
16,5.398446407,5.396612421,-28.34635228
18,5.374446456,5.372119286,-27.3362791
20,5.345895194,5.342888668,-26.25280058
22,5.312201913,5.308548836,-25.4408805
24,5.278700444,5.274327332,-24.69342337
26,5.230675453,5.225349146,-23.88556844
28,5.178231885,5.171652211,-23.02085675
30,5.11059902,5.102834846,-22.37017293
32,5.038690569,5.029403578,-21.66504505
34,4.962537422,4.951333954,-20.92738126
36,4.866771595,4.853470045,-20.27869819
38,4.771353055,4.755764758,-19.68629505
40,4.656297025,4.638233986,-19.1626664
42,4.532997173,4.511588605,-18.54966968
44,4.388755758,4.364469819,-18.14767574
46,4.240692203,4.21294054,-17.71812927
48,4.073047984,4.041579994,-17.34182947
50,3.891774751,3.855896711,-16.95570793
52,3.691051634,3.65046277,-16.62300107
54,3.480856763,3.435223708,-16.32698738
56,3.261228979,3.210180395,-16.06227649
58,3.008321551,2.950935457,-15.81011641
60,2.742206034,2.677417976,-15.55304119
62,2.460652134,2.3884632,-15.36852918
64,2.156048324,2.075147405,-15.18264787
66,1.828598313,1.737585864,-15.00366352
68,1.488500339,1.385739984,-14.82236566
70,1.12288883,1.007914965,-14.70632307
72,0.744807322,0.615541998,-14.58268773
74,0.344344907,0.198401727,-14.46442741
76,-0.074652351,-0.241934624,-14.30136892
78,-0.518888319,-0.709135826,-14.1983182
80,-0.987832894,-1.20567398,-14.09274333
82,-1.467829824,-1.717918208,-13.98918189
84,-1.981756564,-2.27067395,-13.89552078
86,-2.506127587,-2.840546066,-13.80720436
88,-3.053330797,-3.441717395,-13.73127773
90,-3.622783252,-4.074831608,-13.67284125
92,-4.219129983,-4.744200788,-13.65468501
94,-4.836883246,-5.448873904,-13.64968105
96,-5.465591362,-6.180107782,-13.65567354
98,-6.114683484,-6.950181453,-13.68412643
100,-6.78345504,-7.761634601,-13.737026
102,-7.46787312,-8.611787774,-13.8211903
104,-8.173100676,-9.506855987,-13.95000624
106,-8.888253629,-10.44595734,-14.09684544
108,-9.622593893,-11.43712391,-14.28851751
110,-10.37606023,-12.48406143,-14.52664579
112,-11.14558684,-13.58970392,-14.80710657
114,-11.92371325,-14.75276673,-15.1231544
116,-12.71845767,-15.98527234,-15.48655262
118,-13.51874719,-17.28139576,-15.88798889
120,-14.34269171,-18.66589122,-16.34622533
122,-15.16356129,-20.11375233,-16.8376767
124,-15.98128345,-21.62910109,-17.36239823
126,-16.79523337,-23.22698689,-17.91578697
128,-17.57687215,-24.8569073,-18.47632302
130,-18.31626582,-26.497008,-19.03245464
132,-18.95642787,-28.03351131,-19.52978959
134,-19.47606264,-29.39776271,-19.94242532
136,-19.84481928,-30.44437675,-20.24061211
138,-20.02514119,-31.11508101,-20.37691231
140,-20.01239537,-31.44139933,-20.33673497
142,-19.82234648,-31.55580672,-20.12394625
144,-19.50443026,-31.59462273,-19.78147089
146,-19.09937427,-31.63694497,-19.34850319
148,-18.63005293,-31.71558143,-18.84889334
150,-18.14059299,-31.85499295,-18.32928111
152,-17.66064608,-32.1132248,-17.81929411
154,-17.18244299,-32.40907618,-17.3147923
156,-16.73548843,-32.84978059,-16.84306629
158,-16.31219693,-33.27275501,-16.40053295
160,-15.93532981,-33.84018718,-16.00626151
162,-15.58646871,-34.43434589,-15.64346457
164,-15.2672299,-35.03481051,-15.31329025
166,-14.99346568,-35.68670579,-15.03064642
168,-14.76090047,-36.32118305,-14.79132869
170,-14.56571432,-36.95521321,-14.59083839
172,-14.40216729,-37.48213755,-14.42358918
174,-14.27317266,-38.02380962,-14.29152274
176,-14.18646107,-38.42885937,-14.20284293
178,-14.13321583,-38.626375,-14.14867696
180,-14.11984221,-38.85562335,-14.13446186
182,-14.13321583,-38.626375,-14.14867696
184,-14.18646107,-38.42885937,-14.20284293
186,-14.27317266,-38.02380962,-14.29152274
188,-14.40216729,-37.48213755,-14.42358918
190,-14.56571432,-36.95521321,-14.59083839
192,-14.76090047,-36.32118305,-14.79132869
194,-14.99346568,-35.68670579,-15.03064642
196,-15.2672299,-35.03481051,-15.31329025
198,-15.58646871,-34.43434589,-15.64346457
200,-15.93532981,-33.84018718,-16.00626151
202,-16.31219693,-33.27275501,-16.40053295
204,-16.73548843,-32.84978059,-16.84306629
206,-17.18244299,-32.40907618,-17.3147923
208,-17.66064608,-32.1132248,-17.81929411
210,-18.14059299,-31.85499295,-18.32928111
212,-18.63005293,-31.71558143,-18.84889334
214,-19.09937427,-31.63694497,-19.34850319
216,-19.50443026,-31.59462273,-19.78147089
218,-19.82234648,-31.55580672,-20.12394625
220,-20.01239537,-31.44139933,-20.33673497
222,-20.02514119,-31.11508101,-20.37691231
224,-19.84481928,-30.44437675,-20.24061211
226,-19.47606264,-29.39776271,-19.94242532
228,-18.95642787,-28.03351131,-19.52978959
230,-18.31626582,-26.497008,-19.03245464
232,-17.57687215,-24.8569073,-18.47632302
234,-16.79523337,-23.22698689,-17.91578697
236,-15.98128345,-21.62910109,-17.36239823
238,-15.16356129,-20.11375233,-16.8376767
240,-14.34269171,-18.66589122,-16.34622533
242,-13.51874719,-17.28139576,-15.88798889
244,-12.71845767,-15.98527234,-15.48655262
246,-11.92371325,-14.75276673,-15.1231544
248,-11.14558684,-13.58970392,-14.80710657
250,-10.37606023,-12.48406143,-14.52664579
252,-9.622593893,-11.43712391,-14.28851751
254,-8.888253629,-10.44595734,-14.09684544
256,-8.173100676,-9.506855987,-13.95000624
258,-7.46787312,-8.611787774,-13.8211903
260,-6.78345504,-7.761634601,-13.737026
262,-6.114683484,-6.950181453,-13.68412643
264,-5.465591362,-6.180107782,-13.65567354
266,-4.836883246,-5.448873904,-13.64968105
268,-4.219129983,-4.744200788,-13.65468501
270,-3.630233542,-4.081177472,-13.69037237
272,-3.055975021,-3.445443266,-13.72237653
274,-2.506127587,-2.840546066,-13.80720436
276,-1.981756564,-2.27067395,-13.89552078
278,-1.467829824,-1.717918208,-13.98918189
280,-0.987832894,-1.20567398,-14.09274333
282,-0.51881021,-0.709131652,-14.19658933
284,-0.074652351,-0.241934624,-14.30136892
286,0.344344907,0.198401727,-14.46442741
288,0.744807322,0.615541998,-14.58268773
290,1.12288883,1.007914965,-14.70632307
292,1.488500339,1.385739984,-14.82236566
294,1.828598313,1.737585864,-15.00366352
296,2.156048324,2.075147405,-15.18264787
298,2.460652134,2.3884632,-15.36852918
300,2.742206034,2.677417976,-15.55304119
302,3.008321551,2.950935457,-15.81011641
304,3.261228979,3.210180395,-16.06227649
306,3.480856763,3.435223708,-16.32698738
308,3.691051634,3.65046277,-16.62300107
310,3.891774751,3.855896711,-16.95570793
312,4.073047984,4.041579994,-17.34182947
314,4.240692203,4.21294054,-17.71812927
316,4.388755758,4.364469819,-18.14767574
318,4.532997173,4.511588605,-18.54966968
320,4.656297025,4.638233986,-19.1626664
322,4.771353055,4.755764758,-19.68629505
324,4.866771595,4.853470045,-20.27869819
326,4.962537422,4.951333954,-20.92738126
328,5.038690569,5.029403578,-21.66504505
330,5.11059902,5.102834846,-22.37017293
332,5.178231885,5.171652211,-23.02085675
334,5.230675453,5.225349146,-23.88556844
336,5.278700444,5.274327332,-24.69342337
338,5.312201913,5.308548836,-25.4408805
340,5.345895194,5.342888668,-26.25280058
342,5.374446456,5.372119286,-27.3362791
344,5.398446407,5.396612421,-28.34635228
346,5.417733464,5.416244002,-29.23056039
348,5.432226581,5.430955727,-29.90529536
350,5.446814068,5.445735615,-30.60355519
352,5.451458582,5.450538738,-31.28970126
354,5.461241557,5.460417666,-31.75831455
356,5.466147445,5.465367266,-31.99014113
358,5.471025105,5.470285214,-32.21550853
360,5.471037196,5.470290293,-32.1745371
