Theta,Ant1,Ant2,Ant3
0,5.471037196,5.471037196,-156.5355977
2,5.465947648,5.471025105,-156.5355977
4,5.461014417,5.466147445,-156.5355977
6,5.461028703,5.461241557,-156.5355977
8,5.451038976,5.451458582,-156.5355977
10,5.441042232,5.446814068,-156.5355977
12,5.431028596,5.432226581,-156.5355977
14,5.421024975,5.417733464,-156.5355977
16,5.40105626,5.398446407,-156.5355977
18,5.375945934,5.374446456,-156.5355977
20,5.350868028,5.345895194,-156.5355977
22,5.315954709,5.312201913,-156.5355977
24,5.275948327,5.278700444,-156.5355977
26,5.230866054,5.230675453,-156.5355977
28,5.17581763,5.178231885,-156.5355977
30,5.11578119,5.11059902,-156.5355977
32,5.040721147,5.038690569,-156.5355977
34,4.960715711,4.962537422,-156.5355977
36,4.875657829,4.866771595,-156.5355977
38,4.765538996,4.771353055,-156.5355977
40,4.645418714,4.656297025,-156.5355977
42,4.520386726,4.532997173,-156.5355977
44,4.375369965,4.388755758,-156.5355977
46,4.220315562,4.240692203,-156.5355977
48,4.045310286,4.073047984,-156.5355977
50,3.850331607,3.891774751,-156.5355977
52,3.645433298,3.691051634,-156.5355977
54,3.420593091,3.480856763,-156.5355977
56,3.170851429,3.261228979,-156.5355977
58,2.911433525,3.008321551,-156.5355977
60,2.627100488,2.742206034,-156.5355977
62,2.328073878,2.460652134,-156.5355977
64,2.004012863,2.156048324,-156.5355977
66,1.655888584,1.828598313,-156.5355977
68,1.288106023,1.488500339,-156.5355977
70,0.900638993,1.12288883,-156.5355977
72,0.485200375,0.744807322,-156.5355977
74,0.050540782,0.344344907,-156.5355977
76,-0.422093301,-0.074652351,-156.5355977
78,-0.908024289,-0.518888319,-156.5355977
80,-1.415444875,-0.987832894,-156.5355977
82,-1.959342644,-1.467829824,-156.5355977
84,-2.527139869,-1.981756564,-156.5355977
86,-3.11944794,-2.506127587,2.31603032
88,-3.742887126,-3.053330797,2.469974354
90,-4.388594499,-3.622783252,2.618989026
92,-5.068956014,-4.219129983,2.763014857
94,-5.760756083,-4.836883246,2.902002483
96,-6.484566065,-5.465591362,3.03597056
98,-7.235928719,-6.114683484,3.16501845
100,-8.008021931,-6.78345504,3.289971756
102,-8.797562245,-7.46787312,3.410992521
104,-9.606409358,-8.173100676,3.52701835
106,-10.42628762,-8.888253629,3.638994515
108,-11.25302735,-9.622593893,3.747989021
110,-12.08824627,-10.37606023,3.851982832
112,-12.93884954,-11.14558684,3.951983945
114,-13.78901169,-11.92371325,4.049008667
116,-14.63518365,-12.71845767,4.142026594
118,-15.48352526,-13.51874719,4.231026122
120,-16.35157553,-14.34269171,4.316982451
122,-17.22007499,-15.16356129,4.398980784
124,-18.09693629,-15.98128345,4.477986096
126,-18.9987846,-16.79523337,4.365021192
128,-19.91569649,-17.57687215,4.853923888
130,-20.84122988,-18.31626582,5.135316247
132,-21.72082176,-18.95642787,5.392089091
134,-22.50121573,-19.47606264,5.621527428
136,-23.11541574,-19.84481928,5.755383369
138,-23.43344849,-20.02514119,5.921863679
140,-23.38400351,-20.01239537,5.97419692
142,-22.99984596,-19.82234648,5.99724878
144,-22.35669044,-19.50443026,5.993098351
146,-21.56098556,-19.09937427,5.918642479
148,-20.71963004,-18.63005293,6.520712169
150,-19.88385212,-18.14059299,5.784516679
152,-19.0859894,-17.66064608,5.645813256
154,-18.34627281,-17.18244299,5.314140441
156,-17.66891292,-16.73548843,5.434994945
158,-17.05945376,-16.31219693,5.386047991
160,-16.51838318,-15.93532981,5.372122079
162,-16.03652066,-15.58646871,5.408049259
164,-15.61287104,-15.2672299,5.426017282
166,-15.25501254,-14.99346568,5.429088096
168,-14.94651939,-14.76090047,5.438002459
170,-14.68761102,-14.56571432,5.453012018
172,-14.47916293,-14.40216729,5.465981073
174,-14.31748591,-14.27317266,5.490095677
176,-14.20525999,-14.18646107,5.486041088
178,-14.1344244,-14.13321583,5.472026406
180,-14.11984221,-14.11984221,5.484029464
182,-14.1344244,-14.13321583,5.485008333
184,-14.20525999,-14.18646107,5.462041075
186,-14.31748591,-14.27317266,5.447046569
188,-14.47916293,-14.40216729,5.445986647
190,-14.68761102,-14.56571432,5.433022899
192,-14.94651939,-14.76090047,5.422050448
194,-15.25501254,-14.99346568,5.39202023
196,-15.61287104,-15.2672299,5.368038135
198,-16.03652066,-15.58646871,5.353016572
200,-16.51838318,-15.93532981,5.319058461
202,-17.05945376,-16.31219693,5.299018688
204,-17.66891292,-16.73548843,5.250043217
206,-18.34627281,-17.18244299,5.219979767
208,-19.0859894,-17.66064608,5.156065785
210,-19.88385212,-18.14059299,5.136020092
212,-20.71963004,-18.63005293,5.091045476
214,-21.56098556,-19.09937427,5.049093217
216,-22.35669044,-19.50443026,5.003002336
218,-22.99984596,-19.82234648,4.950091072
220,-23.38400351,-20.01239537,4.886006671
222,-23.43344849,-20.02514119,4.836117922
224,-23.11541574,-19.84481928,4.790073786
226,-22.50121573,-19.47606264,4.712082293
228,-21.72082176,-18.95642787,4.638057896
230,-20.84122988,-18.31626582,4.610067802
232,-19.91569649,-17.57687215,3.742575637
234,-18.9987846,-16.79523337,4.863621451
236,-18.09693629,-15.98128345,5.588779807
238,-17.22007499,-15.16356129,6.179683286
240,-16.35170541,-14.34269171,6.544237845
242,-15.48352526,-13.51874719,6.447521808
244,-14.63518365,-12.71845767,6.363248715
246,-13.78901169,-11.92371325,5.594656694
248,-12.93884954,-11.14558684,4.486176186
250,-12.08824627,-10.37606023,3.237142962
252,-11.25302735,-9.622593893,4.021386328
254,-10.42628762,-8.888253629,3.786534171
256,-9.606409358,-8.173100676,3.260030175
258,-8.797562245,-7.46787312,3.263539967
260,-8.008021931,-6.78345504,3.033405852
262,-7.235928719,-6.114683484,2.790418217
264,-6.484566065,-5.465591362,2.731180552
266,-5.760756083,-4.836883246,2.646232816
268,-5.068956014,-4.219129983,2.499338228
270,-4.388594499,-3.630233542,4.653571136
272,-3.742887126,-3.055975021,6.122856592
274,-3.11944794,-2.506127587,6.131437729
276,-2.527139869,-1.981756564,6.317016839
278,-1.959342644,-1.467829824,6.00244912
280,-1.415444875,-0.987832894,5.302535895
282,-0.908024289,-0.51881021,4.037603077
284,-0.422093301,-0.074652351,2.186013895
286,0.050540782,0.344344907,-0.470000514
288,0.485200375,0.744807322,-4.168106154
290,0.900638993,1.12288883,-8.425598587
292,1.288106023,1.488500339,-8.073986198
294,1.655888584,1.828598313,-4.353031241
296,2.004012863,2.156048324,-1.626725697
298,2.328073878,2.460652134,0.262902877
300,2.627100488,2.742206034,1.50108121
302,2.911433525,3.008321551,2.696869812
304,3.170851429,3.261228979,3.22093035
306,3.420593091,3.480856763,-2.110136815
308,3.645433298,3.691051634,-1.872909117
310,3.850331607,3.891774751,-2.214873578
312,4.045310286,4.073047984,-2.714975731
314,4.220315562,4.240692203,-3.108988643
316,4.375369965,4.388755758,-3.396039754
318,4.520386726,4.532997173,-3.850973463
320,4.645418714,4.656297025,-4.282959222
322,4.765538996,4.771353055,-4.70904915
324,4.875657829,4.866771595,-5.210012591
326,4.960715711,4.962537422,-5.714040326
328,5.040721147,5.038690569,-6.259935977
330,5.11578119,5.11059902,-6.846012226
332,5.17581763,5.178231885,-7.478009893
334,5.230866054,5.230675453,-8.161989502
336,5.275948327,5.278700444,-8.907896462
338,5.315954709,5.312201913,-9.72594139
340,5.350868028,5.345895194,-10.63308534
342,5.375945934,5.374446456,-11.64910042
344,5.40105626,5.398446407,-12.80217701
346,5.421024975,5.417733464,-14.13491032
348,5.431028596,5.432226581,-15.71415884
350,5.441042232,5.446814068,-17.64768687
352,5.451038976,5.451458582,-20.14362596
354,5.461028703,5.461241557,-23.66306931
356,5.461014417,5.466147445,-29.68239234
358,5.465947648,5.471025105,-156.5355977
360,5.471037196,5.471037196,-156.5355977
